Workbook

Sheet csv export
A1: --- | B1: MaxHealth | C1: CurrentHealth | D1: Barrier | E1: MaxStagger | F1: CurrentStagger | G1: StaggerDecay | H1: MaxMana | I1: CurrentMana | J1: MaxUltimate | K1: CurrentUltimate | L1: Attack | M1: Impact | N1: Defense | O1: CriticalRate | P1: CriticalDamage
A2: =Editing!A3 -> Environments | B2: =Editing!B3 -> 0 | C2: =Editing!C3 -> 0 | D2: =Editing!D3 -> 0 | E2: =Editing!E3 -> 0 | F2: =Editing!F3 -> 0 | G2: =Editing!G3 -> 0 | H2: =Editing!H3 -> 0 | ... P2: =Editing!P3 -> 0
A3: =Editing!A4 -> SandbagCharacter | B3: =Editing!B4 -> 10000 | C3: =Editing!C4 -> 10000 | D3: =Editing!D4 -> 0 | E3: =Editing!E4 -> 100 | F3: =Editing!F4 -> 0 | G3: =Editing!G4 -> 10 | H3: =Editing!H4 -> 0 | ... P3: =Editing!P4 -> 0
A4: =Editing!A5 -> BP_PlayerCharacter | B4: =Editing!B5 -> 100 | C4: =Editing!C5 -> 100 | D4: =Editing!D5 -> 0 | E4: =Editing!E5 -> 100 | F4: =Editing!F5 -> 0 | G4: =Editing!G5 -> 10 | H4: =Editing!H5 -> 100 | ... P4: =Editing!P5 -> 50
A5: =Editing!A6 -> BP_EnemyCharacter | B5: =Editing!B6 -> 100 | C5: =Editing!C6 -> 100 | D5: =Editing!D6 -> 0 | E5: =Editing!E6 -> 100 | F5: =Editing!F6 -> 0 | G5: =Editing!G6 -> 10 | H5: =Editing!H6 -> 0 | ... P5: =Editing!P6 -> 50
A6: =Editing!A7 -> BP_Boss | B6: =Editing!B7 -> 5000 | C6: =Editing!C7 -> 5000 | D6: =Editing!D7 -> 0 | E6: =Editing!E7 -> 100 | F6: =Editing!F7 -> 0 | G6: =Editing!G7 -> 10 | H6: =Editing!H7 -> 0 | ... P6: =Editing!P7 -> 0
A7: =Editing!A8 -> HR_Character | B7: =Editing!B8 -> 1000 | C7: =Editing!C8 -> 1000 | D7: =Editing!D8 -> 0 | E7: =Editing!E8 -> 0 | F7: =Editing!F8 -> 0 | G7: =Editing!G8 -> 10 | H7: =Editing!H8 -> 0 | ... P7: =Editing!P8 -> 0
A8: =Editing!A9 -> 0 | B8: =Editing!B9 -> 0 | C8: =Editing!C9 -> 0 | D8: =Editing!D9 -> 0 | E8: =Editing!E9 -> 0 | F8: =Editing!F9 -> 0 | G8: =Editing!G9 -> 0 | H8: =Editing!H9 -> 0 | ... P8: =Editing!P9 -> 0
A9: =Editing!A10 -> 0 | B9: =Editing!B10 -> 0 | C9: =Editing!C10 -> 0 | D9: =Editing!D10 -> 0 | E9: =Editing!E10 -> 0 | F9: =Editing!F10 -> 0 | G9: =Editing!G10 -> 0 | H9: =Editing!H10 -> 0 | ... P9: =Editing!P10 -> 0
A10: =Editing!A11 -> 0 | B10: =Editing!B11 -> 0 | C10: =Editing!C11 -> 0 | D10: =Editing!D11 -> 0 | E10: =Editing!E11 -> 0 | F10: =Editing!F11 -> 0 | G10: =Editing!G11 -> 0 | H10: =Editing!H11 -> 0 | ... P10: =Editing!P11 -> 0
A11: =Editing!A12 -> 0 | B11: =Editing!B12 -> 0 | C11: =Editing!C12 -> 0 | D11: =Editing!D12 -> 0 | E11: =Editing!E12 -> 0 | F11: =Editing!F12 -> 0 | G11: =Editing!G12 -> 0 | H11: =Editing!H12 -> 0 | ... P11: =Editing!P12 -> 0
A12: =Editing!A13 -> 0 | B12: =Editing!B13 -> 0 | C12: =Editing!C13 -> 0 | D12: =Editing!D13 -> 0 | E12: =Editing!E13 -> 0 | F12: =Editing!F13 -> 0 | G12: =Editing!G13 -> 0 | H12: =Editing!H13 -> 0 | ... P12: =Editing!P13 -> 0
A13: =Editing!A14 -> 0 | B13: =Editing!B14 -> 0 | C13: =Editing!C14 -> 0 | D13: =Editing!D14 -> 0 | E13: =Editing!E14 -> 0 | F13: =Editing!F14 -> 0 | G13: =Editing!G14 -> 0 | H13: =Editing!H14 -> 0 | ... P13: =Editing!P14 -> 0
... A31: =Editing!A32 -> 0 | B31: =Editing!B32 -> 0 | C31: =Editing!C32 -> 0 | D31: =Editing!D32 -> 0 | E31: =Editing!E32 -> 0 | F31: =Editing!F32 -> 0 | G31: =Editing!G32 -> 0 | H31: =Editing!H32 -> 0 | ... P31: =Editing!P32 -> 0

Sheet Editing
A1: 주석 | B1: 최대 체력 | C1: 현재 체력 | D1: 방어막 | E1: 최대 스태거 | F1: 현재 스태거 | G1: 스태거 회복력 | H1: 최대 마나 | I1: 현재 마나 | J1: 최대 궁극기 | K1: 현재 궁극기 | L1: 공격력 | M1: 충격력 | N1: 방어력 | O1: 치명타 확률 | P1: 치명타 피해
A2: --- | B2: MaxHealth | C2: CurrentHealth | D2: Barrier | E2: MaxStagger | F2: CurrentStagger | G2: StaggerDecay | H2: MaxMana | I2: CurrentMana | J2: MaxUltimate | K2: CurrentUltimate | L2: Attack | M2: Impact | N2: Defense | O2: CriticalRate | P2: CriticalDamage
A3: Environments | B3: 0 | C3: 0 | D3: 0 | E3: 0 | F3: 0 | G3: 0 | H3: 0 | I3: 0 | J3: 0 | K3: 0 | L3: 0 | M3: 0 | N3: 0 | O3: 0 | P3: 0
A4: SandbagCharacter | B4: 10000 | C4: 10000 | D4: 0 | E4: 100 | F4: 0 | G4: 10 | H4: 0 | I4: 0 | J4: 0 | K4: 0 | L4: 10 | M4: 10 | N4: 0 | O4: 0 | P4: 0
A5: BP_PlayerCharacter | B5: 100 | C5: 100 | D5: 0 | E5: 100 | F5: 0 | G5: 10 | H5: 100 | I5: 0 | J5: 100 | K5: 0 | L5: 50 | M5: 50 | N5: 50 | O5: 5 | P5: 50
A6: BP_EnemyCharacter | B6: 100 | C6: 100 | D6: 0 | E6: 100 | F6: 0 | G6: 10 | H6: 0 | I6: 0 | J6: 0 | K6: 0 | L6: 50 | M6: 50 | N6: 50 | O6: 5 | P6: 50
A7: BP_Boss | B7: 5000 | C7: 5000 | D7: 0 | E7: 100 | F7: 0 | G7: 10 | H7: 0 | I7: 0 | J7: 0 | K7: 0 | L7: 1000 | M7: 50 | N7: 50 | O7: 0 | P7: 0
A8: HR_Character | B8: 1000 | C8: 1000 | D8: 0 | E8: 0 | F8: 0 | G8: 10 | H8: 0 | I8: 0 | J8: 0 | K8: 0 | L8: 1000 | M8: 50 | N8: 50 | O8: 0 | P8: 0
