Workbook

Sheet csv export
A1: --- | B1: HealthDamageExpression | C1: StaggerDamageExpression | D1: InvinciblePierce | E1: SuperArmorPierce | F1: HitReaction | G1: SourceHitStopTime | H1: TargetHitStopTime | I1: ManaGain | J1: UltimateGain | K1: AdditionalSourceEffect | L1: AdditionalTargetEffect | M1: EffectClass
A2: =Editing!A5 -> D_HR_Skill_AT_01 | B2: =IF(Editing!B5="","",Editing!B5) -> (Coefficient.ATK.Source * 1) | C2: =IF(Editing!C5="","",Editing!C5) -> (Coefficient.IMP.Source * 1) | D2: =IF(Editing!D5="","",Editing!D5) -> 0 | E2: =IF(Editing!E5="","",Editing!E5) -> 0 | F2: =IF(TRIM(Editing!F5)="","", "(TagName=""Ability.HitReaction." & TRIM(Editing!F5) & """)") -> (TagName="Ability.HitReaction.Nomal") | G2: =IF(Editing!G5="","",Editing!G5) -> 0.1 | H2: =IF(Editing!H5="","",Editing!H5) -> 0.1 | I2: =IF(Editing!I5="","",Editing!I5) -> 0 | J2: =IF(Editing!J5="","",Editing!J5) -> 1 | K2: =IF(Editing!K5="","",Editing!K5) | L2: =IF(Editing!L5="","",Editing!L5) | M2: =IF(Editing!M5="","", "/Script/Engine.BlueprintGeneratedClass'/Game/AbilitySystem/Effects/Table/" & Editing!M5 & "." & Editing!M5 & "_C'") -> /Script/Engine.BlueprintGeneratedClass'/Game/AbilitySystem/Effects/Table/GE_Damage.GE_Damage_C'
A3: =Editing!A6 -> D_HR_Skill_AT_02 | B3: =IF(Editing!B6="","",Editing!B6) -> (Coefficient.ATK.Source * 1.2) | C3: =IF(Editing!C6="","",Editing!C6) -> (Coefficient.IMP.Source * 1.1) | D3: =IF(Editing!D6="","",Editing!D6) -> 0 | E3: =IF(Editing!E6="","",Editing!E6) -> 0 | F3: =IF(TRIM(Editing!F6)="","", "(TagName=""Ability.HitReaction." & TRIM(Editing!F6) & """)") -> (TagName="Ability.HitReaction.Nomal") | G3: =IF(Editing!G6="","",Editing!G6) -> 0.1 | H3: =IF(Editing!H6="","",Editing!H6) -> 0.1 | I3: =IF(Editing!I6="","",Editing!I6) -> 0 | J3: =IF(Editing!J6="","",Editing!J6) -> 1 | K3: =IF(Editing!K6="","",Editing!K6) | L3: =IF(Editing!L6="","",Editing!L6) | M3: =IF(Editing!M6="","", "/Script/Engine.BlueprintGeneratedClass'/Game/AbilitySystem/Effects/Table/" & Editing!M6 & "." & Editing!M6 & "_C'") -> /Script/Engine.BlueprintGeneratedClass'/Game/AbilitySystem/Effects/Table/GE_Damage.GE_Damage_C'
A4: =Editing!A7 -> D_HR_Skill_AT_03 | B4: =IF(Editing!B7="","",Editing!B7) -> (Coefficient.ATK.Source * 1.3) | C4: =IF(Editing!C7="","",Editing!C7) -> (Coefficient.IMP.Source * 1.1) | D4: =IF(Editing!D7="","",Editing!D7) -> 0 | E4: =IF(Editing!E7="","",Editing!E7) -> 0 | F4: =IF(TRIM(Editing!F7)="","", "(TagName=""Ability.HitReaction." & TRIM(Editing!F7) & """)") -> (TagName="Ability.HitReaction.Nomal") | G4: =IF(Editing!G7="","",Editing!G7) -> 0.5 | H4: =IF(Editing!H7="","",Editing!H7) -> 0.5 | I4: =IF(Editing!I7="","",Editing!I7) -> 0 | J4: =IF(Editing!J7="","",Editing!J7) -> 1 | K4: =IF(Editing!K7="","",Editing!K7) | L4: =IF(Editing!L7="","",Editing!L7) | M4: =IF(Editing!M7="","", "/Script/Engine.BlueprintGeneratedClass'/Game/AbilitySystem/Effects/Table/" & Editing!M7 & "." & Editing!M7 & "_C'") -> /Script/Engine.BlueprintGeneratedClass'/Game/AbilitySystem/Effects/Table/GE_Damage.GE_Damage_C'
A5: =Editing!A8 -> D_HR_Skill_AT_04 | B5: =IF(Editing!B8="","",Editing!B8) -> (Coefficient.ATK.Source * 4) | C5: =IF(Editing!C8="","",Editing!C8) -> (Coefficient.IMP.Source * 1.1) | D5: =IF(Editing!D8="","",Editing!D8) -> 0 | E5: =IF(Editing!E8="","",Editing!E8) -> 0 | F5: =IF(TRIM(Editing!F8)="","", "(TagName=""Ability.HitReaction." & TRIM(Editing!F8) & """)") -> (TagName="Ability.HitReaction.Nomal") | G5: =IF(Editing!G8="","",Editing!G8) -> 0 | H5: =IF(Editing!H8="","",Editing!H8) -> 0 | I5: =IF(Editing!I8="","",Editing!I8) -> 1 | J5: =IF(Editing!J8="","",Editing!J8) -> 10 | K5: =IF(Editing!K8="","",Editing!K8) | L5: =IF(Editing!L8="","",Editing!L8) | M5: =IF(Editing!M8="","", "/Script/Engine.BlueprintGeneratedClass'/Game/AbilitySystem/Effects/Table/" & Editing!M8 & "." & Editing!M8 & "_C'") -> /Script/Engine.BlueprintGeneratedClass'/Game/AbilitySystem/Effects/Table/GE_Damage.GE_Damage_C'
A6: =Editing!A9 -> D_HR_Skill_CAT_01 | B6: =IF(Editing!B9="","",Editing!B9) -> (Coefficient.ATK.Source * 1.2) | C6: =IF(Editing!C9="","",Editing!C9) -> (Coefficient.IMP.Source * 1.1) | D6: =IF(Editing!D9="","",Editing!D9) -> 0 | E6: =IF(Editing!E9="","",Editing!E9) -> 1 | F6: =IF(TRIM(Editing!F9)="","", "(TagName=""Ability.HitReaction." & TRIM(Editing!F9) & """)") -> (TagName="Ability.HitReaction.Nomal") | G6: =IF(Editing!G9="","",Editing!G9) -> 0 | H6: =IF(Editing!H9="","",Editing!H9) -> 0 | I6: =IF(Editing!I9="","",Editing!I9) -> 0 | J6: =IF(Editing!J9="","",Editing!J9) -> 5 | K6: =IF(Editing!K9="","",Editing!K9) | L6: =IF(Editing!L9="","",Editing!L9) | M6: =IF(Editing!M9="","", "/Script/Engine.BlueprintGeneratedClass'/Game/AbilitySystem/Effects/Table/" & Editing!M9 & "." & Editing!M9 & "_C'") -> /Script/Engine.BlueprintGeneratedClass'/Game/AbilitySystem/Effects/Table/GE_Damage.GE_Damage_C'
A7: =Editing!A10 -> D_HR_Skill_DAT_01 | B7: =IF(Editing!B10="","",Editing!B10) -> (Coefficient.ATK.Source * 1.3) | C7: =IF(Editing!C10="","",Editing!C10) -> (Coefficient.IMP.Source * 1.1) | D7: =IF(Editing!D10="","",Editing!D10) -> 0 | E7: =IF(Editing!E10="","",Editing!E10) -> 1 | F7: =IF(TRIM(Editing!F10)="","", "(TagName=""Ability.HitReaction." & TRIM(Editing!F10) & """)") -> (TagName="Ability.HitReaction.Nomal") | G7: =IF(Editing!G10="","",Editing!G10) -> 0 | H7: =IF(Editing!H10="","",Editing!H10) -> 0 | I7: =IF(Editing!I10="","",Editing!I10) -> 0 | J7: =IF(Editing!J10="","",Editing!J10) -> 5 | K7: =IF(Editing!K10="","",Editing!K10) | L7: =IF(Editing!L10="","",Editing!L10) | M7: =IF(Editing!M10="","", "/Script/Engine.BlueprintGeneratedClass'/Game/AbilitySystem/Effects/Table/" & Editing!M10 & "." & Editing!M10 & "_C'") -> /Script/Engine.BlueprintGeneratedClass'/Game/AbilitySystem/Effects/Table/GE_Damage.GE_Damage_C'
A8: =Editing!A11 -> D_HR_Skill_E_01 | B8: =IF(Editing!B11="","",Editing!B11) -> (Coefficient.ATK.Source * 1) | C8: =IF(Editing!C11="","",Editing!C11) -> (Coefficient.IMP.Source * 1.1) | D8: =IF(Editing!D11="","",Editing!D11) -> 0 | E8: =IF(Editing!E11="","",Editing!E11) -> 0 | F8: =IF(TRIM(Editing!F11)="","", "(TagName=""Ability.HitReaction." & TRIM(Editing!F11) & """)") -> (TagName="Ability.HitReaction.Nomal") | G8: =IF(Editing!G11="","",Editing!G11) -> 0 | H8: =IF(Editing!H11="","",Editing!H11) -> 0 | I8: =IF(Editing!I11="","",Editing!I11) -> 0 | J8: =IF(Editing!J11="","",Editing!J11) -> 8 | K8: =IF(Editing!K11="","",Editing!K11) | L8: =IF(Editing!L11="","",Editing!L11) | M8: =IF(Editing!M11="","", "/Script/Engine.BlueprintGeneratedClass'/Game/AbilitySystem/Effects/Table/" & Editing!M11 & "." & Editing!M11 & "_C'") -> /Script/Engine.BlueprintGeneratedClass'/Game/AbilitySystem/Effects/Table/GE_Damage.GE_Damage_C'
A9: =Editing!A12 -> D_HR_Skill_E_02 | B9: =IF(Editing!B12="","",Editing!B12) -> (Coefficient.ATK.Source * 1.5) | C9: =IF(Editing!C12="","",Editing!C12) -> (Coefficient.IMP.Source * 1.1) | D9: =IF(Editing!D12="","",Editing!D12) -> 0 | E9: =IF(Editing!E12="","",Editing!E12) -> 0 | F9: =IF(TRIM(Editing!F12)="","", "(TagName=""Ability.HitReaction." & TRIM(Editing!F12) & """)") -> (TagName="Ability.HitReaction.Nomal") | G9: =IF(Editing!G12="","",Editing!G12) -> 0 | H9: =IF(Editing!H12="","",Editing!H12) -> 0 | I9: =IF(Editing!I12="","",Editing!I12) -> 0 | J9: =IF(Editing!J12="","",Editing!J12) -> 8 | K9: =IF(Editing!K12="","",Editing!K12) | L9: =IF(Editing!L12="","",Editing!L12) | M9: =IF(Editing!M12="","", "/Script/Engine.BlueprintGeneratedClass'/Game/AbilitySystem/Effects/Table/" & Editing!M12 & "." & Editing!M12 & "_C'") -> /Script/Engine.BlueprintGeneratedClass'/Game/AbilitySystem/Effects/Table/GE_Damage.GE_Damage_C'
A10: =Editing!A13 -> D_HR_Skill_Q_01 | B10: =IF(Editing!B13="","",Editing!B13) -> (Coefficient.ATK.Source * 3) | C10: =IF(Editing!C13="","",Editing!C13) -> (Coefficient.IMP.Source * 1.1) | D10: =IF(Editing!D13="","",Editing!D13) -> 0 | E10: =IF(Editing!E13="","",Editing!E13) -> 0 | F10: =IF(TRIM(Editing!F13)="","", "(TagName=""Ability.HitReaction." & TRIM(Editing!F13) & """)") -> (TagName="Ability.HitReaction.Nomal") | G10: =IF(Editing!G13="","",Editing!G13) -> 0 | H10: =IF(Editing!H13="","",Editing!H13) -> 0 | I10: =IF(Editing!I13="","",Editing!I13) -> 0 | J10: =IF(Editing!J13="","",Editing!J13) -> 10 | K10: =IF(Editing!K13="","",Editing!K13) | L10: =IF(Editing!L13="","",Editing!L13) | M10: =IF(Editing!M13="","", "/Script/Engine.BlueprintGeneratedClass'/Game/AbilitySystem/Effects/Table/" & Editing!M13 & "." & Editing!M13 & "_C'")
A11: =Editing!A14 -> D_HR_Skill_R_01 | B11: =IF(Editing!B14="","",Editing!B14) -> (Coefficient.ATK.Source * 6) | C11: =IF(Editing!C14="","",Editing!C14) -> (Coefficient.IMP.Source * 1.1) | D11: =IF(Editing!D14="","",Editing!D14) -> 0 | E11: =IF(Editing!E14="","",Editing!E14) -> 1 | F11: =IF(TRIM(Editing!F14)="","", "(TagName=""Ability.HitReaction." & TRIM(Editing!F14) & """)") -> (TagName="Ability.HitReaction.Nomal") | G11: =IF(Editing!G14="","",Editing!G14) -> 0 | H11: =IF(Editing!H14="","",Editing!H14) -> 0 | I11: =IF(Editing!I14="","",Editing!I14) -> 1 | J11: =IF(Editing!J14="","",Editing!J14) -> 0 | K11: =IF(Editing!K14="","",Editing!K14) | L11: =IF(Editing!L14="","",Editing!L14) | M11: =IF(Editing!M14="","", "/Script/Engine.BlueprintGeneratedClass'/Game/AbilitySystem/Effects/Table/" & Editing!M14 & "." & Editing!M14 & "_C'")
A12: =Editing!A15 -> D_HR_Skill_CAT_02 | B12: =IF(Editing!B15="","",Editing!B15) -> (Coefficient.ATK.Source * 12) | C12: =IF(Editing!C15="","",Editing!C15) -> (Coefficient.IMP.Source * 1.1) | D12: =IF(Editing!D15="","",Editing!D15) -> 0 | E12: =IF(Editing!E15="","",Editing!E15) -> 1 | F12: =IF(TRIM(Editing!F15)="","", "(TagName=""Ability.HitReaction." & TRIM(Editing!F15) & """)") -> (TagName="Ability.HitReaction.Nomal") | G12: =IF(Editing!G15="","",Editing!G15) -> 0 | H12: =IF(Editing!H15="","",Editing!H15) -> 0 | I12: =IF(Editing!I15="","",Editing!I15) -> 0 | J12: =IF(Editing!J15="","",Editing!J15) -> 20 | K12: =IF(Editing!K15="","",Editing!K15) | L12: =IF(Editing!L15="","",Editing!L15) | M12: =IF(Editing!M15="","", "/Script/Engine.BlueprintGeneratedClass'/Game/AbilitySystem/Effects/Table/" & Editing!M15 & "." & Editing!M15 & "_C'")
A13: =Editing!A16 -> 0 | B13: =IF(Editing!B16="","",Editing!B16) | C13: =IF(Editing!C16="","",Editing!C16) | D13: =IF(Editing!D16="","",Editing!D16) | E13: =IF(Editing!E16="","",Editing!E16) | F13: =IF(TRIM(Editing!F16)="","", "(TagName=""Ability.HitReaction." & TRIM(Editing!F16) & """)") | G13: =IF(Editing!G16="","",Editing!G16) | H13: =IF(Editing!H16="","",Editing!H16) | I13: =IF(Editing!I16="","",Editing!I16) | J13: =IF(Editing!J16="","",Editing!J16) | K13: =IF(Editing!K16="","",Editing!K16) | L13: =IF(Editing!L16="","",Editing!L16) | M13: =IF(Editing!M16="","", "/Script/Engine.BlueprintGeneratedClass'/Game/AbilitySystem/Effects/Table/" & Editing!M16 & "." & Editing!M16 & "_C'")
... A421: =Editing!A424 -> 0 | B421: =IF(Editing!B424="","",Editing!B424) | C421: =IF(Editing!C424="","",Editing!C424) | D421: =IF(Editing!D424="","",Editing!D424) | E421: =IF(Editing!E424="","",Editing!E424) -> 0 | F421: =IF(TRIM(Editing!F424)="","", "(TagName=""Ability.HitReaction." & TRIM(Editing!F424) & """)") | G421: =IF(Editing!G424="","",Editing!G424) | H421: =IF(Editing!H424="","",Editing!H424) | I421: =IF(Editing!I424="","",Editing!I424) | J421: =IF(Editing!J424="","",Editing!J424) | K421: =IF(Editing!K424="","",Editing!K424) | L421: =IF(Editing!L424="","",Editing!L424) | M421: =IF(Editing!M424="","", "/Script/Engine.BlueprintGeneratedClass'/Game/AbilitySystem/Effects/Table/" & Editing!M424 & "." & Editing!M424 & "_C'")

Sheet Editing
A1: 열1 | B1: 열2 | C1: 열3 | D1: 열4 | E1: 열5 | F1: 열6 | G1: 열7 | H1: 열8 | I1: 열9 | J1: 열10 | K1: 열11 | L1: 열12 | M1: 열13
A2: 주석 | B2: 체력 피해량(비율) | C2: 스태거 피해량(비율) | D2: 무적 관통 | E2: 슈퍼아머 관통 | F2: 피격 반응 | G2: 시전자 히트스톱 | H2: 피격자 히트스톱 | I2: MP 획득량 | J2: UP 획득량 | K2: 시전자 추가 효과 | L2: 피격자 추가 효과 | M2: 이펙트 클래스
K3: 개발 중… | L3: 개발 중…
A4: --- | B4: HealthDamageExpression% | C4: StaggerDamageExpression% | D4: InvinciblePierce | E4: SuperArmorPierce | F4: HitReaction | G4: SourceHitStopTime | H4: TargetHitStopTime | I4: ManaGain | J4: UltimateGain | K4: AdditionalSourceEffect | L4: AdditionalTargetEffect | M4: EffectClass
A5: D_HR_Skill_AT_01 | B5: (Coefficient.ATK.Source * 1) | C5: (Coefficient.IMP.Source * 1) | D5: 0 | E5: 0 | F5: Nomal | G5: 0.1 | H5: 0.1 | I5: 0 | J5: 1 | M5: GE_Damage
A6: D_HR_Skill_AT_02 | B6: (Coefficient.ATK.Source * 1.2) | C6: (Coefficient.IMP.Source * 1.1) | D6: 0 | E6: 0 | F6: Nomal | G6: 0.1 | H6: 0.1 | I6: 0 | J6: 1 | M6: GE_Damage
A7: D_HR_Skill_AT_03 | B7: (Coefficient.ATK.Source * 1.3) | C7: (Coefficient.IMP.Source * 1.1) | D7: 0 | E7: 0 | F7: Nomal | G7: 0.5 | H7: 0.5 | I7: 0 | J7: 1 | M7: GE_Damage
A8: D_HR_Skill_AT_04 | B8: (Coefficient.ATK.Source * 4) | C8: (Coefficient.IMP.Source * 1.1) | D8: 0 | E8: 0 | F8: Nomal | G8: 0 | H8: 0 | I8: 1 | J8: 10 | M8: GE_Damage
A9: D_HR_Skill_CAT_01 | B9: (Coefficient.ATK.Source * 1.2) | C9: (Coefficient.IMP.Source * 1.1) | D9: 0 | E9: 1 | F9: Nomal | G9: 0 | H9: 0 | I9: 0 | J9: 5 | M9: GE_Damage
A10: D_HR_Skill_DAT_01 | B10: (Coefficient.ATK.Source * 1.3) | C10: (Coefficient.IMP.Source * 1.1) | D10: 0 | E10: 1 | F10: Nomal | G10: 0 | H10: 0 | I10: 0 | J10: 5 | M10: GE_Damage
A11: D_HR_Skill_E_01 | B11: (Coefficient.ATK.Source * 1) | C11: (Coefficient.IMP.Source * 1.1) | D11: 0 | E11: 0 | F11: Nomal | G11: 0 | H11: 0 | I11: 0 | J11: 8 | M11: GE_Damage
A12: D_HR_Skill_E_02 | B12: (Coefficient.ATK.Source * 1.5) | C12: (Coefficient.IMP.Source * 1.1) | D12: 0 | E12: 0 | F12: Nomal | G12: 0 | H12: 0 | I12: 0 | J12: 8 | M12: GE_Damage
A13: D_HR_Skill_Q_01 | B13: (Coefficient.ATK.Source * 3) | C13: (Coefficient.IMP.Source * 1.1) | D13: 0 | E13: 0 | F13: Nomal | G13: 0 | H13: 0 | I13: 0 | J13: 10
A14: D_HR_Skill_R_01 | B14: (Coefficient.ATK.Source * 6) | C14: (Coefficient.IMP.Source * 1.1) | D14: 0 | E14: 1 | F14: Nomal | G14: 0 | H14: 0 | I14: 1 | J14: 0
A15: D_HR_Skill_CAT_02 | B15: (Coefficient.ATK.Source * 12) | C15: (Coefficient.IMP.Source * 1.1) | D15: 0 | E15: 1 | F15: Nomal | G15: 0 | H15: 0 | I15: 0 | J15: 20
B17: (Coefficient.HPmax.Target * 0.10) + (Coefficient.HPmax.Target * 0.10)
E169: 0
E170: 0
E171: 0
E172: 0
E173: 0
E174: 0
E175: 0
E176: 0
E177: 0
E178: 0
E179: 0
E180: 0
... E462: 0
